{
  "users": {
    "6283823097750@s.whatsapp.net": {
      "status_deposit": false
    }
  },
  "game": {},
  "groups": {
    "120363321323208176@g.us": {
      "antilink": false,
      "antilink2": false,
      "welcome": false,
      "mute": false
    },
    "120363300735020658@g.us": {
      "antilink": false,
      "antilink2": false,
      "welcome": false,
      "mute": false
    },
    "120363274255426859@g.us": {
      "antilink": false,
      "antilink2": false,
      "welcome": true,
      "mute": false
    },
    "120363047599573557@g.us": {
      "antilink": false,
      "antilink2": false,
      "welcome": false,
      "mute": false
    },
    "120363328038369986@g.us": {
      "antilink": false,
      "antilink2": false,
      "welcome": false,
      "mute": false
    },
    "120363314471364758@g.us": {
      "antilink": false,
      "antilink2": false,
      "welcome": false
    },
    "120363303078587647@g.us": {
      "antilink": false,
      "antilink2": false,
      "welcome": false
    },
    "120363298350640255@g.us": {
      "antilink": false,
      "antilink2": false,
      "welcome": false
    },
    "120363235555132663@g.us": {
      "antilink": false,
      "antilink2": false,
      "welcome": false
    },
    "120363321820289720@g.us": {
      "antilink": false,
      "antilink2": false,
      "welcome": false
    },
    "120363264253881853@g.us": {
      "antilink": false,
      "antilink2": false,
      "welcome": false,
      "mute": false
    },
    "120363196709008764@g.us": {
      "antilink": false,
      "antilink2": false,
      "welcome": false,
      "mute": false
    },
    "120363321164472096@g.us": {
      "antilink": false,
      "antilink2": false,
      "welcome": false,
      "mute": false
    },
    "120363215884965267@g.us": {
      "antilink": false,
      "antilink2": false,
      "welcome": false,
      "mute": false
    },
    "120363301713830876@g.us": {
      "antilink": false,
      "antilink2": false,
      "welcome": false,
      "mute": false
    },
    "120363310658766090@g.us": {
      "antilink": false,
      "antilink2": false,
      "welcome": false,
      "mute": false
    },
    "120363203483340243@g.us": {
      "antilink": false,
      "antilink2": false,
      "welcome": false,
      "mute": false
    },
    "120363235054068942@g.us": {
      "antilink": false,
      "antilink2": false,
      "welcome": false,
      "mute": false
    },
    "120363047459719049@g.us": {
      "antilink": false,
      "antilink2": false,
      "welcome": false,
      "mute": false
    },
    "120363167300031583@g.us": {
      "antilink": false,
      "antilink2": false,
      "welcome": false,
      "mute": false
    },
    "120363281967660377@g.us": {
      "antilink": false,
      "antilink2": false,
      "welcome": false,
      "mute": false
    },
    "120363298293138676@g.us": {
      "antilink": false,
      "antilink2": false,
      "welcome": false,
      "mute": false
    },
    "120363263233984809@g.us": {
      "antilink": false,
      "antilink2": false,
      "welcome": false,
      "mute": false
    },
    "120363276523265223@g.us": {
      "antilink": false,
      "antilink2": false,
      "welcome": false,
      "mute": false
    },
    "120363313685712296@g.us": {
      "antilink": false,
      "antilink2": false,
      "welcome": false,
      "mute": false
    },
    "120363282926258875@g.us": {
      "antilink": false,
      "antilink2": false,
      "welcome": false,
      "mute": false
    },
    "120363314626871557@g.us": {
      "antilink": false,
      "antilink2": false,
      "welcome": false
    },
    "642108816399-1452992248@g.us": {
      "antilink": false,
      "antilink2": false,
      "welcome": false,
      "mute": false
    },
    "120363197084242836@g.us": {
      "antilink": false,
      "antilink2": false,
      "welcome": false,
      "mute": false
    },
    "120363178891973370@g.us": {
      "antilink": false,
      "antilink2": false,
      "welcome": false,
      "mute": false
    },
    "120363300131427418@g.us": {
      "antilink": false,
      "antilink2": false,
      "welcome": false,
      "mute": false
    },
    "120363319732277292@g.us": {
      "antilink": false,
      "antilink2": false,
      "welcome": false,
      "mute": false
    },
    "120363235320780899@g.us": {
      "antilink": false,
      "antilink2": false,
      "welcome": false,
      "mute": false
    },
    "120363040610525967@g.us": {
      "antilink": false,
      "antilink2": false,
      "welcome": false,
      "mute": false
    },
    "120363296649054793@g.us": {
      "antilink": false,
      "antilink2": false,
      "welcome": false,
      "mute": false
    },
    "120363199834649652@g.us": {
      "antilink": false,
      "antilink2": false,
      "welcome": false,
      "mute": false
    },
    "120363135527863397@g.us": {
      "antilink": false,
      "antilink2": false,
      "welcome": false,
      "mute": false
    },
    "120363188115973538@g.us": {
      "antilink": false,
      "antilink2": false,
      "welcome": false
    },
    "120363145776407671@g.us": {
      "antilink": false,
      "antilink2": false,
      "welcome": false,
      "mute": false
    },
    "120363277536433260@g.us": {
      "antilink": false,
      "antilink2": false,
      "welcome": false,
      "mute": false
    },
    "120363217317151495@g.us": {
      "antilink": false,
      "antilink2": false,
      "welcome": false,
      "mute": false
    },
    "120363148077808325@g.us": {
      "antilink": false,
      "antilink2": false,
      "welcome": false,
      "mute": false
    },
    "120363286169728533@g.us": {
      "antilink": false,
      "antilink2": false,
      "welcome": false,
      "mute": false
    },
    "120363198853803723@g.us": {
      "antilink": false,
      "antilink2": false,
      "welcome": false,
      "mute": false
    },
    "120363315444948215@g.us": {
      "antilink": false,
      "antilink2": false,
      "welcome": false,
      "mute": false
    },
    "120363295387489743@g.us": {
      "antilink": false,
      "antilink2": false,
      "welcome": false
    },
    "120363239272547501@g.us": {
      "antilink": false,
      "antilink2": false,
      "welcome": false,
      "mute": false
    },
    "120363163463596253@g.us": {
      "antilink": false,
      "antilink2": false,
      "welcome": false,
      "mute": false
    },
    "120363302988261159@g.us": {
      "antilink": false,
      "antilink2": false,
      "welcome": false,
      "mute": false
    },
    "120363280204351830@g.us": {
      "antilink": false,
      "antilink2": false,
      "welcome": false,
      "mute": false
    },
    "120363257135979283@g.us": {
      "antilink": false,
      "antilink2": false,
      "welcome": false
    },
    "120363235734572216@g.us": {
      "antilink": false,
      "antilink2": false,
      "welcome": false,
      "mute": false
    },
    "120363294959452499@g.us": {
      "antilink": false,
      "antilink2": false,
      "welcome": true,
      "mute": false
    },
    "120363165676528693@g.us": {
      "antilink": false,
      "antilink2": false,
      "welcome": false
    },
    "120363279847872928@g.us": {
      "antilink": false,
      "antilink2": false,
      "welcome": false,
      "mute": false
    },
    "120363235130079780@g.us": {
      "antilink": false,
      "antilink2": false,
      "welcome": false,
      "mute": false
    },
    "120363291076604030@g.us": {
      "antilink": false,
      "antilink2": false,
      "welcome": false,
      "mute": false
    },
    "120363041514443149@g.us": {
      "antilink": false,
      "antilink2": false,
      "welcome": false,
      "mute": false
    },
    "120363277045351517@g.us": {
      "antilink": false,
      "antilink2": false,
      "welcome": false,
      "mute": false
    },
    "120363198014449393@g.us": {
      "antilink": false,
      "antilink2": false,
      "welcome": false,
      "mute": false
    },
    "120363040586476091@g.us": {
      "antilink": false,
      "antilink2": false,
      "welcome": false,
      "mute": false
    },
    "120363292988024658@g.us": {
      "antilink": false,
      "antilink2": false,
      "welcome": false,
      "mute": false
    },
    "120363186718984270@g.us": {
      "antilink": false,
      "antilink2": false,
      "welcome": false,
      "mute": false
    },
    "120363048476766634@g.us": {
      "antilink": false,
      "antilink2": false,
      "welcome": false,
      "mute": false
    },
    "120363136024882508@g.us": {
      "antilink": false,
      "antilink2": false,
      "welcome": false,
      "mute": false
    },
    "120363344574685296@g.us": {
      "antilink": false,
      "antilink2": false,
      "welcome": false,
      "mute": false
    },
    "120363342856694687@g.us": {
      "antilink": false,
      "antilink2": false,
      "welcome": false,
      "mute": true
    },
    "120363307524763421@g.us": {
      "antilink": false,
      "antilink2": false,
      "welcome": false,
      "mute": false
    },
    "120363176644962637@g.us": {
      "antilink": false,
      "antilink2": false,
      "welcome": false,
      "mute": false
    },
    "120363165283120043@g.us": {
      "antilink": false,
      "antilink2": false,
      "welcome": false,
      "mute": false
    },
    "120363212461468287@g.us": {
      "antilink": false,
      "antilink2": false,
      "welcome": false,
      "mute": false
    },
    "120363143147071838@g.us": {
      "antilink": false,
      "antilink2": false,
      "welcome": false,
      "mute": false
    },
    "120363201037385966@g.us": {
      "antilink": false,
      "antilink2": false,
      "welcome": false,
      "mute": false
    },
    "120363304732164894@g.us": {
      "antilink": false,
      "antilink2": false,
      "welcome": false,
      "mute": false
    },
    "120363313001821885@g.us": {
      "antilink": false,
      "antilink2": false,
      "welcome": false,
      "mute": false
    },
    "120363304297599422@g.us": {
      "antilink": false,
      "antilink2": false,
      "welcome": false,
      "mute": false
    },
    "6281563853342-1628477308@g.us": {
      "antilink": false,
      "antilink2": false,
      "welcome": false,
      "mute": false
    },
    "120363280879265754@g.us": {
      "antilink": false,
      "antilink2": false,
      "welcome": false,
      "mute": false
    },
    "120363326488916456@g.us": {
      "antilink": false,
      "antilink2": false,
      "welcome": false,
      "mute": false
    },
    "120363306861662756@g.us": {
      "antilink": false,
      "antilink2": false,
      "welcome": false,
      "mute": false
    },
    "120363172097847138@g.us": {
      "antilink": false,
      "antilink2": false,
      "welcome": false,
      "mute": false
    },
    "120363291121197415@g.us": {
      "antilink": false,
      "antilink2": false,
      "welcome": false,
      "mute": false
    }
  },
  "database": {},
  "settings": {
    "anticall": false,
    "autobio": false,
    "autoread": false,
    "autotyping": false,
    "readsw": false,
    "autopromosi": false
  }
}